Page Name,Link
Facebook,https://www.facebook.com/
Home,https://www.facebook.com/
"Watch, 10 notifications",https://www.facebook.com/watch/
Marketplace,https://www.facebook.com/marketplace/?ref=app_tab
"Groups, 3 notifications",https://www.facebook.com/groups/
Gaming,https://www.facebook.com/gaming/?ref=games_tab
More,https://www.facebook.com/bookmarks/
"Notifications, 1 unread",https://www.facebook.com/notifications/
See All in Messenger,https://www.facebook.com/messages/t/
New message,https://www.facebook.com/messages/t/new/
মৎস্য চাষ বাংলাদেশ,https://www.facebook.com/Fishingmedi/
বাবুল মৎস্য নার্সারি বাংলাদেশ,https://www.facebook.com/%E0%A6%AC%E0%A6%BE%E0%A6%AC%E0%A7%81%E0%A6%B2-%E0%A6%AE%E0%A7%8E%E0%A6%B8%E0%A7%8D%E0%A6%AF-%E0%A6%A8%E0%A6%BE%E0%A6%B0%E0%A7%8D%E0%A6%B8%E0%A6%BE%E0%A6%B0%E0%A6%BF-%E0%A6%AC%E0%A6%BE%E0%A6%82%E0%A6%B2%E0%A6%BE%E0%A6%A6%E0%A7%87%E0%A6%B6-105007444657752/
মৎস্য চাষ বাংলাদেশ,https://www.facebook.com/fishfarming12/
মাছের খামার বাংলাদেশ,https://www.facebook.com/%E0%A6%AE%E0%A6%BE%E0%A6%9B%E0%A7%87%E0%A6%B0-%E0%A6%96%E0%A6%BE%E0%A6%AE%E0%A6%BE%E0%A6%B0-%E0%A6%AC%E0%A6%BE%E0%A6%82%E0%A6%B2%E0%A6%BE%E0%A6%A6%E0%A7%87%E0%A6%B6-104770104641454/
স্বাধু পানির ঝিনুকে মুক্তা চাষ প্রশিক্ষন,https://www.facebook.com/%E0%A6%B8%E0%A7%8D%E0%A6%AC%E0%A6%BE%E0%A6%A7%E0%A7%81-%E0%A6%AA%E0%A6%BE%E0%A6%A8%E0%A6%BF%E0%A6%B0-%E0%A6%9D%E0%A6%BF%E0%A6%A8%E0%A7%81%E0%A6%95%E0%A7%87-%E0%A6%AE%E0%A7%81%E0%A6%95%E0%A7%8D%E0%A6%A4%E0%A6%BE-%E0%A6%9A%E0%A6%BE%E0%A6%B7-%E0%A6%AA%E0%A7%8D%E0%A6%B0%E0%A6%B6%E0%A6%BF%E0%A6%95%E0%A7%8D%E0%A6%B7%E0%A6%A8-102171798575823/
সন্ধি মৎস্য হ্যাচারী,https://www.facebook.com/%E0%A6%B8%E0%A6%A8%E0%A7%8D%E0%A6%A7%E0%A6%BF-%E0%A6%AE%E0%A7%8E%E0%A6%B8%E0%A7%8D%E0%A6%AF-%E0%A6%B9%E0%A7%8D%E0%A6%AF%E0%A6%BE%E0%A6%9A%E0%A6%BE%E0%A6%B0%E0%A7%80-105087621239640/
বাংলাদেশ মৎস্য চাষ গ্রুপ,https://www.facebook.com/%E0%A6%AC%E0%A6%BE%E0%A6%82%E0%A6%B2%E0%A6%BE%E0%A6%A6%E0%A7%87%E0%A6%B6-%E0%A6%AE%E0%A7%8E%E0%A6%B8%E0%A7%8D%E0%A6%AF-%E0%A6%9A%E0%A6%BE%E0%A6%B7-%E0%A6%97%E0%A7%8D%E0%A6%B0%E0%A7%81%E0%A6%AA-101087328837003/
বায়োফ্লক প্রশিক্ষণ বাংলাদেশ,https://www.facebook.com/BangladeshBioflocTraining/
বায়োফ্লক মৎস্য চাষ - Bioflock Fish Culture,https://www.facebook.com/bioflocBD24/
বায়োফ্লক মৎস্য চাষ,https://www.facebook.com/%E0%A6%AC%E0%A6%BE%E0%A7%9F%E0%A7%8B%E0%A6%AB%E0%A7%8D%E0%A6%B2%E0%A6%95-%E0%A6%AE%E0%A7%8E%E0%A6%B8%E0%A7%8D%E0%A6%AF-%E0%A6%9A%E0%A6%BE%E0%A6%B7-100100625181596/
বায়োফ্লক চিংড়ি চাষ সাপোর্ট বাংলাদেশ,https://www.facebook.com/shrimpbft/
বায়োফ্লক প্রযুক্তিতে মৎস্য চাষ প্রশিক্ষণ,https://www.facebook.com/%E0%A6%AC%E0%A6%BE%E0%A7%9F%E0%A7%8B%E0%A6%AB%E0%A7%8D%E0%A6%B2%E0%A6%95-%E0%A6%AA%E0%A7%8D%E0%A6%B0%E0%A6%AF%E0%A7%81%E0%A6%95%E0%A7%8D%E0%A6%A4%E0%A6%BF%E0%A6%A4%E0%A7%87-%E0%A6%AE%E0%A7%8E%E0%A6%B8%E0%A7%8D%E0%A6%AF-%E0%A6%9A%E0%A6%BE%E0%A6%B7-%E0%A6%AA%E0%A7%8D%E0%A6%B0%E0%A6%B6%E0%A6%BF%E0%A6%95%E0%A7%8D%E0%A6%B7%E0%A6%A3-102660081512287/
Biofloc fish farming-বায়োফ্লক পদ্ধতিতে মাছ চাষ,https://www.facebook.com/Biofloc-fish-farming-%E0%A6%AC%E0%A6%BE%E0%A7%9F%E0%A7%8B%E0%A6%AB%E0%A7%8D%E0%A6%B2%E0%A6%95-%E0%A6%AA%E0%A6%A6%E0%A7%8D%E0%A6%A7%E0%A6%A4%E0%A6%BF%E0%A6%A4%E0%A7%87-%E0%A6%AE%E0%A6%BE%E0%A6%9B-%E0%A6%9A%E0%A6%BE%E0%A6%B7-101374241268581/
উত্তরবঙ্গ বায়োফ্লক,https://www.facebook.com/uttorbongobiofloc/
"বাংলাদেশ কৃষি  তথ্য, সমস্যা ও সমাধান.",https://www.facebook.com/Agricultural.issues/
আমিশাপাড়া বায়োফ্লক ফার্মিং হাউজ নোয়াখালী,https://www.facebook.com/%E0%A6%86%E0%A6%AE%E0%A6%BF%E0%A6%B6%E0%A6%BE%E0%A6%AA%E0%A6%BE%E0%A7%9C%E0%A6%BE-%E0%A6%AC%E0%A6%BE%E0%A7%9F%E0%A7%8B%E0%A6%AB%E0%A7%8D%E0%A6%B2%E0%A6%95-%E0%A6%AB%E0%A6%BE%E0%A6%B0%E0%A7%8D%E0%A6%AE%E0%A6%BF%E0%A6%82-%E0%A6%B9%E0%A6%BE%E0%A6%89%E0%A6%9C-%E0%A6%A8%E0%A7%8B%E0%A7%9F%E0%A6%BE%E0%A6%96%E0%A6%BE%E0%A6%B2%E0%A7%80-115075836955498/
"স্বপ্ন বায়োফ্লক ফিস ফার্ম, রংপুর",https://www.facebook.com/ShawpnoRezaul.46/
বায়োফ্লক সাহায্য কেন্দ্র মাদারীপুর,https://www.facebook.com/bioflochelpingcenter.net/
